Component,Function,FailureModes,Effects,Severity,DetectionControl,RequirementIDs,CyberRisks
analyze,Description,Incorrect output,Incorrect system behavior,low,unit tests,,
analyze,Description,Incorrect output,Incorrect system behavior,low,unit tests,,
analyze,Description,Incorrect output,Incorrect system behavior,low,unit tests,,
analyze,Description,Incorrect output,Incorrect system behavior,low,unit tests,,
analyze,Description,Incorrect output,Incorrect system behavior,low,unit tests,,
analyze,Description,Incorrect output,Incorrect system behavior,low,unit tests,,
analyze,Description,Incorrect output,Incorrect system behavior,low,unit tests,,
analyze,Description,Incorrect output,Incorrect system behavior,low,unit tests,,
analyze,Description,Incorrect output,Incorrect system behavior,low,unit tests,,
analyze,ID,Incorrect output,Incorrect system behavior,low,unit tests,,
analyze,ID,Incorrect output,Incorrect system behavior,low,unit tests,,
analyze,ID,Incorrect output,Incorrect system behavior,low,unit tests,,
analyze,ID,Incorrect output,Incorrect system behavior,low,unit tests,,
analyze,ID,Incorrect output,Incorrect system behavior,low,unit tests,,
analyze,ID,Incorrect output,Incorrect system behavior,low,unit tests,,
analyze,ID,Incorrect output,Incorrect system behavior,low,unit tests,,
analyze,ID,Incorrect output,Incorrect system behavior,low,unit tests,,
analyze,ID,Incorrect output,Incorrect system behavior,low,unit tests,,
analyze,Run,Returns unexpected error; Uncontrolled execution,Silent failure propagated to caller; Resource exhaustion,high,requirement testing + unit tests,REQ-ANA002,
analyze,Run,Returns unexpected error; Uncontrolled execution,Silent failure propagated to caller; Resource exhaustion,high,requirement testing + unit tests,REQ-ANA004,
analyze,Run,Returns unexpected error; Uncontrolled execution,Silent failure propagated to caller; Resource exhaustion,high,requirement testing + unit tests,REQ-ANA003,
analyze,Run,Returns unexpected error; Uncontrolled execution,Silent failure propagated to caller; Resource exhaustion,high,requirement testing + unit tests,REQ-ANA009,
analyze,Run,Returns unexpected error; Uncontrolled execution,Silent failure propagated to caller; Resource exhaustion,high,requirement testing + unit tests,REQ-ANA006,
analyze,Run,Returns unexpected error; Uncontrolled execution,Silent failure propagated to caller; Resource exhaustion,high,requirement testing + unit tests,REQ-ANA007,
analyze,Run,Returns unexpected error; Uncontrolled execution,Silent failure propagated to caller; Resource exhaustion,high,requirement testing + unit tests,REQ-ANA005,
analyze,Run,Returns unexpected error; Uncontrolled execution,Silent failure propagated to caller; Resource exhaustion,high,requirement testing + unit tests,REQ-ANA008,
analyze,Run,Returns unexpected error; Uncontrolled execution,Silent failure propagated to caller; Resource exhaustion,high,requirement testing + unit tests,REQ-ANA001,
auditpack,Description,Incorrect output,Incorrect system behavior,low,unit tests,,
auditpack,ID,Incorrect output,Incorrect system behavior,low,unit tests,,
auditpack,Pack,Returns unexpected error,Silent failure propagated to caller,high,requirement testing + unit tests,REQ-AUDIT001; REQ-AUDIT002; REQ-AUDIT004,
auditpack,Run,Returns unexpected error; Uncontrolled execution,Silent failure propagated to caller; Resource exhaustion,high,requirement testing + unit tests,REQ-AUDIT003,
badge,New,Incorrect output,Incorrect system behavior,high,requirement testing + unit tests,REQ-BADGE001,
badge,Render,Returns unexpected error,Silent failure propagated to caller,high,requirement testing + unit tests,REQ-BADGE002,
boundary,Description,Incorrect output,Incorrect system behavior,low,unit tests,,
boundary,ID,Incorrect output,Incorrect system behavior,low,unit tests,,
boundary,Render,Returns unexpected error,Silent failure propagated to caller,high,requirement testing + unit tests,REQ-BOUNDARY003; REQ-BOUNDARY004,
boundary,Run,Returns unexpected error; Uncontrolled execution,Silent failure propagated to caller; Resource exhaustion,high,requirement testing + unit tests,REQ-BOUNDARY005,
boundary,Scan,Returns unexpected error,Silent failure propagated to caller,high,requirement testing + unit tests,REQ-BOUNDARY001; REQ-BOUNDARY002,
comp,Assess,Returns unexpected error,Silent failure propagated to caller,high,requirement testing + unit tests,REQ-COMP-ASSESS002,
comp,Complexity,Incorrect output,Incorrect system behavior,high,requirement testing + unit tests,REQ-COMP001,
comp,Description,Incorrect output,Incorrect system behavior,low,unit tests,,
comp,ID,Incorrect output,Incorrect system behavior,low,unit tests,,
comp,Run,Returns unexpected error; Uncontrolled execution,Silent failure propagated to caller; Resource exhaustion,high,requirement testing + unit tests,REQ-COMP001,
comp,ThresholdForDAL,Incorrect output,Incorrect system behavior,high,requirement testing + unit tests,REQ-COMP-ASSESS001,
config,Default,Incorrect output,Incorrect system behavior,high,requirement testing + unit tests,REQ-CFG005,
config,Load,Returns unexpected error,Silent failure propagated to caller,high,requirement testing + unit tests,REQ-CFG001,
config,Save,Returns unexpected error; Partial write / data corruption,Silent failure propagated to caller; Incorrect system state,high,requirement testing + unit tests,REQ-CFG006; REQ-CFG009,
config,UnmarshalJSON,Returns unexpected error,Silent failure propagated to caller,high,requirement testing + unit tests,REQ-CFG009,
config,Validate,Returns unexpected error,Silent failure propagated to caller,high,requirement testing + unit tests,REQ-CFG003,
coupling,Description,Incorrect output,Incorrect system behavior,low,unit tests,,
coupling,Description,Incorrect output,Incorrect system behavior,low,unit tests,,
coupling,Description,Incorrect output,Incorrect system behavior,low,unit tests,,
coupling,ID,Incorrect output,Incorrect system behavior,low,unit tests,,
coupling,ID,Incorrect output,Incorrect system behavior,low,unit tests,,
coupling,ID,Incorrect output,Incorrect system behavior,low,unit tests,,
coupling,NewControlCouplingRule,Incorrect output,Incorrect system behavior,high,requirement testing + unit tests,REQ-COUPLING002,
coupling,NewDataCouplingRule,Incorrect output,Incorrect system behavior,high,requirement testing + unit tests,REQ-COUPLING001,
coupling,Run,Returns unexpected error; Uncontrolled execution,Silent failure propagated to caller; Resource exhaustion,high,requirement testing + unit tests,REQ-COUP002,
coupling,Run,Returns unexpected error; Uncontrolled execution,Silent failure propagated to caller; Resource exhaustion,high,requirement testing + unit tests,REQ-COUPLING003,
coupling,Run,Returns unexpected error; Uncontrolled execution,Silent failure propagated to caller; Resource exhaustion,high,requirement testing + unit tests,REQ-COUP001,
coupling,SaveReport,Returns unexpected error; Partial write / data corruption,Silent failure propagated to caller; Incorrect system state,high,requirement testing + unit tests,REQ-COUPLING003,
coverage,Analyse,Incorrect output,Incorrect system behavior,high,requirement testing + unit tests,REQ-COV001,
coverage,BuildFromFile,Returns unexpected error,Silent failure propagated to caller,high,requirement testing + unit tests,REQ-COV002,
coverage,IsCovered,Incorrect output,Incorrect system behavior,high,requirement testing + unit tests,REQ-COV015,
coverage,Parse,Returns unexpected error,Silent failure propagated to caller,high,requirement testing + unit tests,REQ-COV002,
coverage,ParseMCDC,Returns unexpected error,Silent failure propagated to caller,high,requirement testing + unit tests,REQ-COV015,
coverage,ParseMCDCFile,Returns unexpected error,Silent failure propagated to caller,high,requirement testing + unit tests,REQ-COV015,
coverage,Render,Returns unexpected error,Silent failure propagated to caller,high,requirement testing + unit tests,REQ-COV003,
coverage,RunMutation,Returns unexpected error; Uncontrolled execution,Silent failure propagated to caller; Resource exhaustion,high,requirement testing + unit tests,REQ-COV016,
cyber,Description,Incorrect output,Incorrect system behavior,low,unit tests,,
cyber,Description,Incorrect output,Incorrect system behavior,low,unit tests,,
cyber,Description,Incorrect output,Incorrect system behavior,low,unit tests,,
cyber,Description,Incorrect output,Incorrect system behavior,low,unit tests,,
cyber,Description,Incorrect output,Incorrect system behavior,low,unit tests,,
cyber,Description,Incorrect output,Incorrect system behavior,low,unit tests,,
cyber,Description,Incorrect output,Incorrect system behavior,low,unit tests,,
cyber,Description,Incorrect output,Incorrect system behavior,low,unit tests,,
cyber,Description,Incorrect output,Incorrect system behavior,low,unit tests,,
cyber,Description,Incorrect output,Incorrect system behavior,low,unit tests,,
cyber,Description,Incorrect output,Incorrect system behavior,low,unit tests,,
cyber,Description,Incorrect output,Incorrect system behavior,low,unit tests,,
cyber,Description,Incorrect output,Incorrect system behavior,low,unit tests,,
cyber,Description,Incorrect output,Incorrect system behavior,low,unit tests,,
cyber,Description,Incorrect output,Incorrect system behavior,low,unit tests,,
cyber,Description,Incorrect output,Incorrect system behavior,low,unit tests,,
cyber,Description,Incorrect output,Incorrect system behavior,low,unit tests,,
cyber,Description,Incorrect output,Incorrect system behavior,low,unit tests,,
cyber,Description,Incorrect output,Incorrect system behavior,low,unit tests,,
cyber,Description,Incorrect output,Incorrect system behavior,low,unit tests,,
cyber,ID,Incorrect output,Incorrect system behavior,low,unit tests,,
cyber,ID,Incorrect output,Incorrect system behavior,low,unit tests,,
cyber,ID,Incorrect output,Incorrect system behavior,low,unit tests,,
cyber,ID,Incorrect output,Incorrect system behavior,low,unit tests,,
cyber,ID,Incorrect output,Incorrect system behavior,low,unit tests,,
cyber,ID,Incorrect output,Incorrect system behavior,low,unit tests,,
cyber,ID,Incorrect output,Incorrect system behavior,low,unit tests,,
cyber,ID,Incorrect output,Incorrect system behavior,low,unit tests,,
cyber,ID,Incorrect output,Incorrect system behavior,low,unit tests,,
cyber,ID,Incorrect output,Incorrect system behavior,low,unit tests,,
cyber,ID,Incorrect output,Incorrect system behavior,low,unit tests,,
cyber,ID,Incorrect output,Incorrect system behavior,low,unit tests,,
cyber,ID,Incorrect output,Incorrect system behavior,low,unit tests,,
cyber,ID,Incorrect output,Incorrect system behavior,low,unit tests,,
cyber,ID,Incorrect output,Incorrect system behavior,low,unit tests,,
cyber,ID,Incorrect output,Incorrect system behavior,low,unit tests,,
cyber,ID,Incorrect output,Incorrect system behavior,low,unit tests,,
cyber,ID,Incorrect output,Incorrect system behavior,low,unit tests,,
cyber,ID,Incorrect output,Incorrect system behavior,low,unit tests,,
cyber,ID,Incorrect output,Incorrect system behavior,low,unit tests,,
cyber,Run,Returns unexpected error; Uncontrolled execution,Silent failure propagated to caller; Resource exhaustion,high,requirement testing + unit tests,REQ-CYBER013,
cyber,Run,Returns unexpected error; Uncontrolled execution,Silent failure propagated to caller; Resource exhaustion,high,requirement testing + unit tests,REQ-CYBER014,
cyber,Run,Returns unexpected error; Uncontrolled execution,Silent failure propagated to caller; Resource exhaustion,high,requirement testing + unit tests,REQ-CYBER011,
cyber,Run,Returns unexpected error; Uncontrolled execution,Silent failure propagated to caller; Resource exhaustion,high,requirement testing + unit tests,REQ-CYBER001,
cyber,Run,Returns unexpected error; Uncontrolled execution,Silent failure propagated to caller; Resource exhaustion,high,requirement testing + unit tests,REQ-CYBER017,
cyber,Run,Returns unexpected error; Uncontrolled execution,Silent failure propagated to caller; Resource exhaustion,high,requirement testing + unit tests,REQ-CYBER012,
cyber,Run,Returns unexpected error; Uncontrolled execution,Silent failure propagated to caller; Resource exhaustion,high,requirement testing + unit tests,REQ-CYBER010,
cyber,Run,Returns unexpected error; Uncontrolled execution,Silent failure propagated to caller; Resource exhaustion,high,requirement testing + unit tests,REQ-CYBER004,
cyber,Run,Returns unexpected error; Uncontrolled execution,Silent failure propagated to caller; Resource exhaustion,high,requirement testing + unit tests,REQ-CYBER019,
cyber,Run,Returns unexpected error; Uncontrolled execution,Silent failure propagated to caller; Resource exhaustion,high,requirement testing + unit tests,REQ-CYBER009,
cyber,Run,Returns unexpected error; Uncontrolled execution,Silent failure propagated to caller; Resource exhaustion,high,requirement testing + unit tests,REQ-CYBER005,
cyber,Run,Returns unexpected error; Uncontrolled execution,Silent failure propagated to caller; Resource exhaustion,high,requirement testing + unit tests,REQ-CYBER006,
cyber,Run,Returns unexpected error; Uncontrolled execution,Silent failure propagated to caller; Resource exhaustion,high,requirement testing + unit tests,REQ-CYBER002,
cyber,Run,Returns unexpected error; Uncontrolled execution,Silent failure propagated to caller; Resource exhaustion,high,requirement testing + unit tests,REQ-CYBER018,
cyber,Run,Returns unexpected error; Uncontrolled execution,Silent failure propagated to caller; Resource exhaustion,high,requirement testing + unit tests,REQ-CYBER015,
cyber,Run,Returns unexpected error; Uncontrolled execution,Silent failure propagated to caller; Resource exhaustion,high,requirement testing + unit tests,REQ-CYBER008,
cyber,Run,Returns unexpected error; Uncontrolled execution,Silent failure propagated to caller; Resource exhaustion,high,requirement testing + unit tests,REQ-CYBER020,
cyber,Run,Returns unexpected error; Uncontrolled execution,Silent failure propagated to caller; Resource exhaustion,high,requirement testing + unit tests,REQ-CYBER016,
cyber,Run,Returns unexpected error; Uncontrolled execution,Silent failure propagated to caller; Resource exhaustion,high,requirement testing + unit tests,REQ-CYBER007,
cyber,Run,Returns unexpected error; Uncontrolled execution,Silent failure propagated to caller; Resource exhaustion,high,requirement testing + unit tests,REQ-CYBER003,
cyber,Scan,Returns unexpected error,Silent failure propagated to caller,high,requirement testing + unit tests,REQ-CYBER001,
diff,Compare,Incorrect output,Incorrect system behavior,high,requirement testing + unit tests,REQ-DIFF001,
diff,LoadReport,Returns unexpected error,Silent failure propagated to caller,high,requirement testing + unit tests,REQ-DIFF002,
diff,Render,Returns unexpected error,Silent failure propagated to caller,high,requirement testing + unit tests,REQ-DIFF003,
disposition,Add,Incorrect output,Incorrect system behavior,high,requirement testing + unit tests,REQ-DISP006,
disposition,Description,Incorrect output,Incorrect system behavior,low,unit tests,,
disposition,ID,Incorrect output,Incorrect system behavior,low,unit tests,,
disposition,IsDispositioned,Incorrect output,Incorrect system behavior,high,requirement testing + unit tests,REQ-DISP007,
disposition,Load,Returns unexpected error,Silent failure propagated to caller,high,requirement testing + unit tests,REQ-DISP004,
disposition,RenderEntries,Returns unexpected error,Silent failure propagated to caller,high,requirement testing + unit tests,REQ-DISP009,
disposition,Run,Returns unexpected error; Uncontrolled execution,Silent failure propagated to caller; Resource exhaustion,high,requirement testing + unit tests,REQ-DISP008,
disposition,Save,Returns unexpected error; Partial write / data corruption,Silent failure propagated to caller; Incorrect system state,high,requirement testing + unit tests,REQ-DISP005,
do178,Assess,Returns unexpected error,Silent failure propagated to caller,high,requirement testing + unit tests,REQ-DO178-001,
do178,Render,Returns unexpected error,Silent failure propagated to caller,high,requirement testing + unit tests,REQ-DO178-003,
engine,Description,Incorrect output,Incorrect system behavior,low,unit tests,,
engine,Description,Incorrect output,Incorrect system behavior,low,unit tests,,
engine,Description,Incorrect output,Incorrect system behavior,low,unit tests,,
engine,Description,Incorrect output,Incorrect system behavior,low,unit tests,,
engine,Description,Incorrect output,Incorrect system behavior,low,unit tests,,
engine,HasErrors,Incorrect output,Incorrect system behavior,high,requirement testing + unit tests,REQ-ENG003,
engine,HasWarnings,Incorrect output,Incorrect system behavior,high,requirement testing + unit tests,REQ-ENG010,
engine,ID,Incorrect output,Incorrect system behavior,low,unit tests,,
engine,ID,Incorrect output,Incorrect system behavior,low,unit tests,,
engine,ID,Incorrect output,Incorrect system behavior,low,unit tests,,
engine,ID,Incorrect output,Incorrect system behavior,low,unit tests,,
engine,ID,Incorrect output,Incorrect system behavior,low,unit tests,,
engine,MustRegister,Incorrect output,Incorrect system behavior,high,requirement testing + unit tests,REQ-ENG004,
engine,NewRegistry,Incorrect output,Incorrect system behavior,high,requirement testing + unit tests,REQ-ENG001,
engine,Register,Returns unexpected error,Silent failure propagated to caller,high,requirement testing + unit tests,REQ-ENG008,
engine,Rules,Incorrect output,Incorrect system behavior,high,requirement testing + unit tests,REQ-ENG009,
engine,Run,Returns unexpected error; Uncontrolled execution,Silent failure propagated to caller; Resource exhaustion,high,requirement testing + unit tests,REQ-FUSA005,
engine,Run,Returns unexpected error; Uncontrolled execution,Silent failure propagated to caller; Resource exhaustion,high,requirement testing + unit tests,REQ-ENG011,
engine,Run,Returns unexpected error; Uncontrolled execution,Silent failure propagated to caller; Resource exhaustion,high,requirement testing + unit tests,REQ-FUSA002,
engine,Run,Returns unexpected error; Uncontrolled execution,Silent failure propagated to caller; Resource exhaustion,high,requirement testing + unit tests,REQ-FUSA004,
engine,Run,Returns unexpected error; Uncontrolled execution,Silent failure propagated to caller; Resource exhaustion,high,requirement testing + unit tests,REQ-FUSA003,
engine,Run,Returns unexpected error; Uncontrolled execution,Silent failure propagated to caller; Resource exhaustion,high,requirement testing + unit tests,REQ-FUSA001,
engine,RunFilter,Returns unexpected error; Uncontrolled execution,Silent failure propagated to caller; Resource exhaustion,high,requirement testing + unit tests,REQ-ENG007,
fmea,CountProjectFunctions,Returns unexpected error,Silent failure propagated to caller,high,requirement testing + unit tests,REQ-FMEA009,
fmea,Description,Incorrect output,Incorrect system behavior,low,unit tests,,
fmea,EnrichWithCyber,Incorrect output,Incorrect system behavior,high,requirement testing + unit tests,REQ-FMEA006,
fmea,ID,Incorrect output,Incorrect system behavior,low,unit tests,,
fmea,LoadReport,Returns unexpected error,Silent failure propagated to caller,high,requirement testing + unit tests,REQ-FMEA010,
fmea,Render,Returns unexpected error,Silent failure propagated to caller,high,requirement testing + unit tests,REQ-FMEA004,
fmea,Run,Returns unexpected error; Uncontrolled execution,Silent failure propagated to caller; Resource exhaustion,high,requirement testing + unit tests,REQ-FMEA005,
fmea,Scan,Returns unexpected error,Silent failure propagated to caller,high,requirement testing + unit tests,REQ-FMEA001; REQ-FMEA002; REQ-FMEA003,
gapreport,AddObjective,Incorrect output,Incorrect system behavior,high,requirement testing + unit tests,REQ-GAPREPORT004,
gapreport,New,Incorrect output,Incorrect system behavior,high,requirement testing + unit tests,REQ-GAPREPORT003,
gapreport,Render,Returns unexpected error,Silent failure propagated to caller,high,requirement testing + unit tests,REQ-GAPREPORT002,
go-FuSa (fusa),AttestationContentHash,Returns unexpected error,Silent failure propagated to caller,high,requirement testing + unit tests,REQ-ATT003,
go-FuSa (fusa),AttestationValid,Incorrect output,Incorrect system behavior,high,requirement testing + unit tests,REQ-ATT002,
go-FuSa (fusa),CanonicalizeJSON,Returns unexpected error,Silent failure propagated to caller,high,requirement testing + unit tests,REQ-ATT004,
go-FuSa (fusa),ComputeFingerprint,Incorrect output,Incorrect system behavior,high,requirement testing + unit tests,REQ-FP001,
go-FuSa (fusa),DeriveCategory,Incorrect output,Incorrect system behavior,high,requirement testing + unit tests,REQ-CAT001,
go-FuSa (fusa),NowRFC3339,Incorrect output,Incorrect system behavior,low,unit tests,,
go-FuSa (fusa),ResolveDoc,Incorrect output,Incorrect system behavior,high,requirement testing + unit tests,REQ-DOC001,
go-FuSa (fusa),SchemaVersion,Incorrect output,Incorrect system behavior,low,unit tests,,
go-FuSa (fusa),String,Incorrect output,Incorrect system behavior,low,unit tests,,
hara,BuildCompleteness,Incorrect output,Incorrect system behavior,high,requirement testing + unit tests,REQ-HARA017,
hara,BuildReport,Incorrect output,Incorrect system behavior,high,requirement testing + unit tests,REQ-HARA021,
hara,Description,Incorrect output,Incorrect system behavior,low,unit tests,,
hara,Description,Incorrect output,Incorrect system behavior,low,unit tests,,
hara,Description,Incorrect output,Incorrect system behavior,low,unit tests,,
hara,Description,Incorrect output,Incorrect system behavior,low,unit tests,,
hara,Description,Incorrect output,Incorrect system behavior,low,unit tests,,
hara,Description,Incorrect output,Incorrect system behavior,low,unit tests,,
hara,Description,Incorrect output,Incorrect system behavior,low,unit tests,,
hara,DetermineASIL,Incorrect output,Incorrect system behavior,high,requirement testing + unit tests,REQ-HARA006,
hara,ID,Incorrect output,Incorrect system behavior,low,unit tests,,
hara,ID,Incorrect output,Incorrect system behavior,low,unit tests,,
hara,ID,Incorrect output,Incorrect system behavior,low,unit tests,,
hara,ID,Incorrect output,Incorrect system behavior,low,unit tests,,
hara,ID,Incorrect output,Incorrect system behavior,low,unit tests,,
hara,ID,Incorrect output,Incorrect system behavior,low,unit tests,,
hara,ID,Incorrect output,Incorrect system behavior,low,unit tests,,
hara,Load,Returns unexpected error,Silent failure propagated to caller,high,requirement testing + unit tests,REQ-HARA007,
hara,Render,Returns unexpected error,Silent failure propagated to caller,high,requirement testing + unit tests,REQ-HARA010,
hara,Run,Returns unexpected error; Uncontrolled execution,Silent failure propagated to caller; Resource exhaustion,high,requirement testing + unit tests,REQ-HARA014,
hara,Run,Returns unexpected error; Uncontrolled execution,Silent failure propagated to caller; Resource exhaustion,high,requirement testing + unit tests,REQ-HARA020,
hara,Run,Returns unexpected error; Uncontrolled execution,Silent failure propagated to caller; Resource exhaustion,high,requirement testing + unit tests,REQ-HARA012,
hara,Run,Returns unexpected error; Uncontrolled execution,Silent failure propagated to caller; Resource exhaustion,high,requirement testing + unit tests,REQ-HARA015,
hara,Run,Returns unexpected error; Uncontrolled execution,Silent failure propagated to caller; Resource exhaustion,high,requirement testing + unit tests,REQ-HARA011,
hara,Run,Returns unexpected error; Uncontrolled execution,Silent failure propagated to caller; Resource exhaustion,high,requirement testing + unit tests,REQ-HARA013,
hara,Run,Returns unexpected error; Uncontrolled execution,Silent failure propagated to caller; Resource exhaustion,high,requirement testing + unit tests,REQ-HARA019,
hara,Save,Returns unexpected error; Partial write / data corruption,Silent failure propagated to caller; Incorrect system state,high,requirement testing + unit tests,REQ-HARA008,
hara,Validate,Incorrect output,Incorrect system behavior,high,requirement testing + unit tests,REQ-HARA009,
hara,ValidateReqRefs,Incorrect output,Incorrect system behavior,high,requirement testing + unit tests,REQ-HARA018,
iec61508,Assess,Returns unexpected error,Silent failure propagated to caller,high,requirement testing + unit tests,REQ-IEC61508-001,
iec61508,Description,Incorrect output,Incorrect system behavior,low,unit tests,,
iec61508,ID,Incorrect output,Incorrect system behavior,low,unit tests,,
iec61508,Render,Returns unexpected error,Silent failure propagated to caller,high,requirement testing + unit tests,REQ-IEC61508-003,
iec61508,Run,Returns unexpected error; Uncontrolled execution,Silent failure propagated to caller; Resource exhaustion,high,requirement testing + unit tests,REQ-IEC61508-004,
iec62443,Assess,Returns unexpected error,Silent failure propagated to caller,high,requirement testing + unit tests,REQ-IEC62443-ASSESS003,
iec62443,Description,Incorrect output,Incorrect system behavior,low,unit tests,,
iec62443,Description,Incorrect output,Incorrect system behavior,low,unit tests,,
iec62443,Description,Incorrect output,Incorrect system behavior,low,unit tests,,
iec62443,Description,Incorrect output,Incorrect system behavior,low,unit tests,,
iec62443,ID,Incorrect output,Incorrect system behavior,low,unit tests,,
iec62443,ID,Incorrect output,Incorrect system behavior,low,unit tests,,
iec62443,ID,Incorrect output,Incorrect system behavior,low,unit tests,,
iec62443,ID,Incorrect output,Incorrect system behavior,low,unit tests,,
iec62443,LoadConfig,Returns unexpected error,Silent failure propagated to caller,high,requirement testing + unit tests,REQ-IEC62443-001,
iec62443,Render,Returns unexpected error,Silent failure propagated to caller,high,requirement testing + unit tests,REQ-IEC62443-ASSESS004,
iec62443,Run,Returns unexpected error; Uncontrolled execution,Silent failure propagated to caller; Resource exhaustion,high,requirement testing + unit tests,REQ-IEC62443-002,
iec62443,Run,Returns unexpected error; Uncontrolled execution,Silent failure propagated to caller; Resource exhaustion,high,requirement testing + unit tests,REQ-IEC62443-003,
iec62443,Run,Returns unexpected error; Uncontrolled execution,Silent failure propagated to caller; Resource exhaustion,high,requirement testing + unit tests,REQ-IEC62443-004,
iec62443,Run,Returns unexpected error; Uncontrolled execution,Silent failure propagated to caller; Resource exhaustion,high,requirement testing + unit tests,REQ-IEC62443-001,
impact,Analyse,Returns unexpected error,Silent failure propagated to caller,high,requirement testing + unit tests,REQ-IMPACT001,
impact,Render,Returns unexpected error,Silent failure propagated to caller,high,requirement testing + unit tests,REQ-IMPACT005,
iso21434,Assess,Returns unexpected error,Silent failure propagated to caller,high,requirement testing + unit tests,REQ-ISO21434-002,
iso21434,Description,Incorrect output,Incorrect system behavior,low,unit tests,,
iso21434,ID,Incorrect output,Incorrect system behavior,low,unit tests,,
iso21434,Render,Returns unexpected error,Silent failure propagated to caller,high,requirement testing + unit tests,REQ-ISO21434-003,
iso21434,Run,Returns unexpected error; Uncontrolled execution,Silent failure propagated to caller; Resource exhaustion,high,requirement testing + unit tests,REQ-ISO21434-001,
iso26262,Assess,Returns unexpected error,Silent failure propagated to caller,high,requirement testing + unit tests,REQ-ISO26262-001,
iso26262,Description,Incorrect output,Incorrect system behavior,low,unit tests,,
iso26262,Description,Incorrect output,Incorrect system behavior,low,unit tests,,
iso26262,Description,Incorrect output,Incorrect system behavior,low,unit tests,,
iso26262,ID,Incorrect output,Incorrect system behavior,low,unit tests,,
iso26262,ID,Incorrect output,Incorrect system behavior,low,unit tests,,
iso26262,ID,Incorrect output,Incorrect system behavior,low,unit tests,,
iso26262,Render,Returns unexpected error,Silent failure propagated to caller,high,requirement testing + unit tests,REQ-ISO26262-003,
iso26262,Run,Returns unexpected error; Uncontrolled execution,Silent failure propagated to caller; Resource exhaustion,high,requirement testing + unit tests,REQ-ISO26262-006,
iso26262,Run,Returns unexpected error; Uncontrolled execution,Silent failure propagated to caller; Resource exhaustion,high,requirement testing + unit tests,REQ-ISO26262-005,
iso26262,Run,Returns unexpected error; Uncontrolled execution,Silent failure propagated to caller; Resource exhaustion,high,requirement testing + unit tests,REQ-ISO26262-004,
lint,Description,Incorrect output,Incorrect system behavior,low,unit tests,,
lint,Description,Incorrect output,Incorrect system behavior,low,unit tests,,
lint,Description,Incorrect output,Incorrect system behavior,low,unit tests,,
lint,Description,Incorrect output,Incorrect system behavior,low,unit tests,,
lint,Description,Incorrect output,Incorrect system behavior,low,unit tests,,
lint,Description,Incorrect output,Incorrect system behavior,low,unit tests,,
lint,ID,Incorrect output,Incorrect system behavior,low,unit tests,,
lint,ID,Incorrect output,Incorrect system behavior,low,unit tests,,
lint,ID,Incorrect output,Incorrect system behavior,low,unit tests,,
lint,ID,Incorrect output,Incorrect system behavior,low,unit tests,,
lint,ID,Incorrect output,Incorrect system behavior,low,unit tests,,
lint,ID,Incorrect output,Incorrect system behavior,low,unit tests,,
lint,Run,Returns unexpected error; Uncontrolled execution,Silent failure propagated to caller; Resource exhaustion,high,requirement testing + unit tests,REQ-LINT002,
lint,Run,Returns unexpected error; Uncontrolled execution,Silent failure propagated to caller; Resource exhaustion,high,requirement testing + unit tests,REQ-LINT005,
lint,Run,Returns unexpected error; Uncontrolled execution,Silent failure propagated to caller; Resource exhaustion,high,requirement testing + unit tests,REQ-LINT003,
lint,Run,Returns unexpected error; Uncontrolled execution,Silent failure propagated to caller; Resource exhaustion,high,requirement testing + unit tests,REQ-LINT001,
lint,Run,Returns unexpected error; Uncontrolled execution,Silent failure propagated to caller; Resource exhaustion,high,requirement testing + unit tests,REQ-LINT006,
lint,Run,Returns unexpected error; Uncontrolled execution,Silent failure propagated to caller; Resource exhaustion,high,requirement testing + unit tests,REQ-LINT004,
metrics,Append,Incorrect output,Incorrect system behavior,high,requirement testing + unit tests,REQ-METRICS005,
metrics,Collect,Returns unexpected error,Silent failure propagated to caller,high,requirement testing + unit tests,REQ-METRICS006,
metrics,Load,Returns unexpected error,Silent failure propagated to caller,high,requirement testing + unit tests,REQ-METRICS003,
metrics,Render,Returns unexpected error,Silent failure propagated to caller,high,requirement testing + unit tests,REQ-METRICS007,
metrics,Save,Returns unexpected error; Partial write / data corruption,Silent failure propagated to caller; Incorrect system state,high,requirement testing + unit tests,REQ-METRICS004,
misra,Assess,Incorrect output,Incorrect system behavior,high,requirement testing + unit tests,REQ-MISRA004,
misra,Render,Returns unexpected error,Silent failure propagated to caller,high,requirement testing + unit tests,REQ-MISRA005,
pr,Add,Returns unexpected error,Silent failure propagated to caller,high,requirement testing + unit tests,REQ-PR003,
pr,Close,Returns unexpected error,Silent failure propagated to caller,high,requirement testing + unit tests,REQ-PR004,
pr,Description,Incorrect output,Incorrect system behavior,low,unit tests,,
pr,ID,Incorrect output,Incorrect system behavior,low,unit tests,,
pr,Load,Returns unexpected error,Silent failure propagated to caller,high,requirement testing + unit tests,REQ-PR001,
pr,Render,Returns unexpected error,Silent failure propagated to caller,high,requirement testing + unit tests,REQ-PR003,
pr,Run,Returns unexpected error; Uncontrolled execution,Silent failure propagated to caller; Resource exhaustion,high,requirement testing + unit tests,REQ-PR001,
pr,Save,Returns unexpected error; Partial write / data corruption,Silent failure propagated to caller; Incorrect system state,high,requirement testing + unit tests,REQ-PR002,
qualify,BuiltinCases,Incorrect output,Incorrect system behavior,high,requirement testing + unit tests,REQ-QUALIFY006,
qualify,Description,Incorrect output,Incorrect system behavior,low,unit tests,,
qualify,HasFailures,Incorrect output,Incorrect system behavior,high,requirement testing + unit tests,REQ-QUALIFY009,
qualify,ID,Incorrect output,Incorrect system behavior,low,unit tests,,
qualify,IndependenceStatus,Incorrect output,Incorrect system behavior,high,requirement testing + unit tests,REQ-QUALIFY008,
qualify,Load,Returns unexpected error,Silent failure propagated to caller,high,requirement testing + unit tests,REQ-QUALIFY005,
qualify,QualificationBadge,Incorrect output,Incorrect system behavior,high,requirement testing + unit tests,REQ-QUALIFY007,
qualify,Run,Returns unexpected error; Uncontrolled execution,Silent failure propagated to caller; Resource exhaustion,high,requirement testing + unit tests,REQ-QUALIFY001,
qualify,Run,Returns unexpected error; Uncontrolled execution,Silent failure propagated to caller; Resource exhaustion,high,requirement testing + unit tests,REQ-QUALIFY001,
qualify,Save,Returns unexpected error; Partial write / data corruption,Silent failure propagated to caller; Incorrect system state,high,requirement testing + unit tests,REQ-QUALIFY004,
release,BuildManifest,Returns unexpected error,Silent failure propagated to caller,high,requirement testing + unit tests,REQ-RELEASE008,
release,BuildProvenance,Returns unexpected error,Silent failure propagated to caller,high,requirement testing + unit tests,REQ-RELEASE005,
release,BuildSBOM,Returns unexpected error,Silent failure propagated to caller,high,requirement testing + unit tests,REQ-RELEASE003,
release,Description,Incorrect output,Incorrect system behavior,low,unit tests,,
release,Description,Incorrect output,Incorrect system behavior,low,unit tests,,
release,DetectBuilder,Incorrect output,Incorrect system behavior,high,requirement testing + unit tests,REQ-RELEASE010,
release,HashFiles,Returns unexpected error,Silent failure propagated to caller,high,requirement testing + unit tests,REQ-RELEASE007,
release,ID,Incorrect output,Incorrect system behavior,low,unit tests,,
release,ID,Incorrect output,Incorrect system behavior,low,unit tests,,
release,Run,Returns unexpected error; Uncontrolled execution,Silent failure propagated to caller; Resource exhaustion,high,requirement testing + unit tests,REQ-RELEASE001,
release,Run,Returns unexpected error; Uncontrolled execution,Silent failure propagated to caller; Resource exhaustion,high,requirement testing + unit tests,REQ-RELEASE002,
release,SaveJSON,Returns unexpected error; Partial write / data corruption,Silent failure propagated to caller; Incorrect system state,high,requirement testing + unit tests,REQ-RELEASE006,
release,ToSPDX22,Incorrect output,Incorrect system behavior,high,requirement testing + unit tests,REQ-RELEASE009,
release,ToSPDX23,Incorrect output,Incorrect system behavior,high,requirement testing + unit tests,REQ-RELEASE009,
release,ToSPDX31,Incorrect output,Incorrect system behavior,high,requirement testing + unit tests,REQ-RELEASE008,
report,New,Incorrect output,Incorrect system behavior,high,requirement testing + unit tests,REQ-RPT003; REQ-NF002,
report,Render,Returns unexpected error,Silent failure propagated to caller,high,requirement testing + unit tests,REQ-REPORT001,
report,RenderEvidenceHTML,Returns unexpected error,Silent failure propagated to caller,high,requirement testing + unit tests,REQ-HTML004,
report,RenderHTML,Returns unexpected error,Silent failure propagated to caller,high,requirement testing + unit tests,REQ-HTML001; REQ-HTML003,
report,RenderToFile,Returns unexpected error,Silent failure propagated to caller,high,requirement testing + unit tests,REQ-REPORT002,
runtime,Beat,Incorrect output,Incorrect system behavior,high,requirement testing + unit tests,REQ-RUNTIME012,
runtime,Clear,Incorrect output,Incorrect system behavior,high,requirement testing + unit tests,REQ-RUNTIME018,
runtime,Count,Incorrect output,Incorrect system behavior,high,requirement testing + unit tests,REQ-RUNTIME021,
runtime,Count,Incorrect output,Incorrect system behavior,high,requirement testing + unit tests,REQ-RUNTIME019,
runtime,Diagnostics,Incorrect output,Incorrect system behavior,high,requirement testing + unit tests,REQ-RUNTIME017,
runtime,IsRunning,Uncontrolled execution,Resource exhaustion,high,requirement testing + unit tests,REQ-RUNTIME009,
runtime,IsRunning,Uncontrolled execution,Resource exhaustion,high,requirement testing + unit tests,REQ-RUNTIME013,
runtime,Kick,Incorrect output,Incorrect system behavior,high,requirement testing + unit tests,REQ-RUNTIME008,
runtime,NewDiagManager,Incorrect output,Incorrect system behavior,high,requirement testing + unit tests,REQ-RUNTIME004,
runtime,NewFaultMonitor,Incorrect output,Incorrect system behavior,high,requirement testing + unit tests,REQ-RUNTIME005,
runtime,NewHeartbeat,Incorrect output,Incorrect system behavior,high,requirement testing + unit tests,REQ-RUNTIME002,
runtime,NewStateManager,Incorrect output,Incorrect system behavior,high,requirement testing + unit tests,REQ-RUNTIME003,
runtime,NewWatchdog,Incorrect output,Incorrect system behavior,high,requirement testing + unit tests,REQ-RUNTIME001,
runtime,Record,Incorrect output,Incorrect system behavior,high,requirement testing + unit tests,REQ-RUNTIME015,
runtime,Record,Incorrect output,Incorrect system behavior,high,requirement testing + unit tests,REQ-RUNTIME016,
runtime,Reset,Incorrect output,Incorrect system behavior,high,requirement testing + unit tests,REQ-RUNTIME020,
runtime,SetThreshold,Incorrect output,Incorrect system behavior,high,requirement testing + unit tests,REQ-RUNTIME014,
runtime,Start,Returns unexpected error; Goroutine not terminated,Silent failure propagated to caller; Memory leak or deadlock,high,requirement testing + unit tests,REQ-RUNTIME010,
runtime,Start,Returns unexpected error; Goroutine not terminated,Silent failure propagated to caller; Memory leak or deadlock,high,requirement testing + unit tests,REQ-RUNTIME006,
runtime,State,Incorrect output,Incorrect system behavior,high,requirement testing + unit tests,REQ-RUNTIME022,
runtime,Stop,Incorrect output,Incorrect system behavior,high,requirement testing + unit tests,REQ-RUNTIME007,
runtime,Stop,Incorrect output,Incorrect system behavior,high,requirement testing + unit tests,REQ-RUNTIME011,
runtime,String,Incorrect output,Incorrect system behavior,low,unit tests,,
runtime,String,Incorrect output,Incorrect system behavior,low,unit tests,,
runtime,Transition,Returns unexpected error,Silent failure propagated to caller,high,requirement testing + unit tests,REQ-RUNTIME023,
safetycase,Build,Returns unexpected error,Silent failure propagated to caller,high,requirement testing + unit tests,REQ-SC001,
safetycase,Description,Incorrect output,Incorrect system behavior,low,unit tests,,
safetycase,ID,Incorrect output,Incorrect system behavior,low,unit tests,,
safetycase,Load,Returns unexpected error,Silent failure propagated to caller,high,requirement testing + unit tests,REQ-SC009,
safetycase,Render,Returns unexpected error,Silent failure propagated to caller,high,requirement testing + unit tests,REQ-SC003,
safetycase,Run,Returns unexpected error; Uncontrolled execution,Silent failure propagated to caller; Resource exhaustion,high,requirement testing + unit tests,REQ-SAFETYCASE001,
sarif,Render,Returns unexpected error,Silent failure propagated to caller,high,requirement testing + unit tests,REQ-SARIF001; REQ-SARIF002,
sas,Build,Returns unexpected error,Silent failure propagated to caller,high,requirement testing + unit tests,REQ-SAS001,
sas,LoadReport,Returns unexpected error,Silent failure propagated to caller,high,requirement testing + unit tests,REQ-SAS006,
sas,Render,Returns unexpected error,Silent failure propagated to caller,high,requirement testing + unit tests,REQ-SAS003,
sci,Build,Returns unexpected error,Silent failure propagated to caller,high,requirement testing + unit tests,REQ-SCI001,
sci,LoadReport,Returns unexpected error,Silent failure propagated to caller,high,requirement testing + unit tests,REQ-SCI005,
sci,Render,Returns unexpected error,Silent failure propagated to caller,high,requirement testing + unit tests,REQ-SCI003,
sci,SaveJSON,Returns unexpected error; Partial write / data corruption,Silent failure propagated to caller; Incorrect system state,high,requirement testing + unit tests,REQ-SCI002,
slsa,Assess,Returns unexpected error,Silent failure propagated to caller,high,requirement testing + unit tests,REQ-SLSA-ASSESS003,
slsa,Description,Incorrect output,Incorrect system behavior,low,unit tests,,
slsa,Description,Incorrect output,Incorrect system behavior,low,unit tests,,
slsa,Description,Incorrect output,Incorrect system behavior,low,unit tests,,
slsa,ID,Incorrect output,Incorrect system behavior,low,unit tests,,
slsa,ID,Incorrect output,Incorrect system behavior,low,unit tests,,
slsa,ID,Incorrect output,Incorrect system behavior,low,unit tests,,
slsa,Render,Returns unexpected error,Silent failure propagated to caller,high,requirement testing + unit tests,REQ-SLSA-ASSESS004,
slsa,Run,Returns unexpected error; Uncontrolled execution,Silent failure propagated to caller; Resource exhaustion,high,requirement testing + unit tests,REQ-SLSA001,
slsa,Run,Returns unexpected error; Uncontrolled execution,Silent failure propagated to caller; Resource exhaustion,high,requirement testing + unit tests,REQ-SLSA002,
slsa,Run,Returns unexpected error; Uncontrolled execution,Silent failure propagated to caller; Resource exhaustion,high,requirement testing + unit tests,REQ-SLSA003,
stubcheck,AttestationSuppresses,Incorrect output,Incorrect system behavior,high,requirement testing + unit tests,REQ-STUB012,
stubcheck,BlanketFallbackFinding,Incorrect output,Incorrect system behavior,high,requirement testing + unit tests,REQ-STUB004,
stubcheck,Description,Incorrect output,Incorrect system behavior,low,unit tests,,
stubcheck,Description,Incorrect output,Incorrect system behavior,low,unit tests,,
stubcheck,FmeaFields,Incorrect output,Incorrect system behavior,high,requirement testing + unit tests,REQ-STUB006,
stubcheck,HaraFields,Incorrect output,Incorrect system behavior,high,requirement testing + unit tests,REQ-STUB005,
stubcheck,ID,Incorrect output,Incorrect system behavior,low,unit tests,,
stubcheck,ID,Incorrect output,Incorrect system behavior,low,unit tests,,
stubcheck,PlaceholderFinding,Incorrect output,Incorrect system behavior,high,requirement testing + unit tests,REQ-STUB003,
stubcheck,Run,Returns unexpected error; Uncontrolled execution,Silent failure propagated to caller; Resource exhaustion,high,requirement testing + unit tests,REQ-STUB011,
stubcheck,Run,Returns unexpected error; Uncontrolled execution,Silent failure propagated to caller; Resource exhaustion,high,requirement testing + unit tests,REQ-STUB010,
stubcheck,SafetyCaseFields,Incorrect output,Incorrect system behavior,high,requirement testing + unit tests,REQ-STUB008,
stubcheck,SasFields,Incorrect output,Incorrect system behavior,high,requirement testing + unit tests,REQ-STUB009,
stubcheck,ScanBlanketFallback,Incorrect output,Incorrect system behavior,high,requirement testing + unit tests,REQ-STUB002,
stubcheck,ScanPlaceholders,Incorrect output,Incorrect system behavior,high,requirement testing + unit tests,REQ-STUB001,
stubcheck,TaraFields,Incorrect output,Incorrect system behavior,high,requirement testing + unit tests,REQ-STUB007,
tara,CountProjectFiles,Returns unexpected error,Silent failure propagated to caller,high,requirement testing + unit tests,REQ-TARA008,
tara,Description,Incorrect output,Incorrect system behavior,low,unit tests,,
tara,ID,Incorrect output,Incorrect system behavior,low,unit tests,,
tara,LoadReport,Returns unexpected error,Silent failure propagated to caller,high,requirement testing + unit tests,REQ-TARA009,
tara,Render,Returns unexpected error,Silent failure propagated to caller,high,requirement testing + unit tests,REQ-TARA004,
tara,Run,Returns unexpected error; Uncontrolled execution,Silent failure propagated to caller; Resource exhaustion,high,requirement testing + unit tests,REQ-TARA005,
tara,Scan,Returns unexpected error,Silent failure propagated to caller,high,requirement testing + unit tests,REQ-TARA003,
template,Generate,Returns unexpected error,Silent failure propagated to caller,high,requirement testing + unit tests,REQ-CLI010,
testutil,GoSource,Incorrect output,Incorrect system behavior,high,requirement testing + unit tests,REQ-TESTUTIL003,
testutil,MinimalProject,Incorrect output,Incorrect system behavior,high,requirement testing + unit tests,REQ-TESTUTIL002,
testutil,ProjectDir,Incorrect output,Incorrect system behavior,high,requirement testing + unit tests,REQ-TESTUTIL001,
trace,Build,Returns unexpected error,Silent failure propagated to caller,high,requirement testing + unit tests,REQ-TRACE002,
trace,ComputeHLRLLR,Incorrect output,Incorrect system behavior,high,requirement testing + unit tests,REQ-TRACE008,
trace,Description,Incorrect output,Incorrect system behavior,low,unit tests,,
trace,Description,Incorrect output,Incorrect system behavior,low,unit tests,,
trace,Description,Incorrect output,Incorrect system behavior,low,unit tests,,
trace,Description,Incorrect output,Incorrect system behavior,low,unit tests,,
trace,Description,Incorrect output,Incorrect system behavior,low,unit tests,,
trace,Description,Incorrect output,Incorrect system behavior,low,unit tests,,
trace,Description,Incorrect output,Incorrect system behavior,low,unit tests,,
trace,Description,Incorrect output,Incorrect system behavior,low,unit tests,,
trace,Description,Incorrect output,Incorrect system behavior,low,unit tests,,
trace,ExportCodebeamer,Returns unexpected error,Silent failure propagated to caller,high,requirement testing + unit tests,REQ-REQXML004,
trace,ExportDOORS,Returns unexpected error,Silent failure propagated to caller,high,requirement testing + unit tests,REQ-REQXML002,
trace,ExportJama,Returns unexpected error,Silent failure propagated to caller,high,requirement testing + unit tests,REQ-REQXML006,
trace,ExportPolarion,Returns unexpected error,Silent failure propagated to caller,high,requirement testing + unit tests,REQ-REQXML008,
trace,ID,Incorrect output,Incorrect system behavior,low,unit tests,,
trace,ID,Incorrect output,Incorrect system behavior,low,unit tests,,
trace,ID,Incorrect output,Incorrect system behavior,low,unit tests,,
trace,ID,Incorrect output,Incorrect system behavior,low,unit tests,,
trace,ID,Incorrect output,Incorrect system behavior,low,unit tests,,
trace,ID,Incorrect output,Incorrect system behavior,low,unit tests,,
trace,ID,Incorrect output,Incorrect system behavior,low,unit tests,,
trace,ID,Incorrect output,Incorrect system behavior,low,unit tests,,
trace,ID,Incorrect output,Incorrect system behavior,low,unit tests,,
trace,LoadRequirements,Returns unexpected error,Silent failure propagated to caller,high,requirement testing + unit tests,REQ-TRACE001,
trace,ParseCodebeamer,Returns unexpected error,Silent failure propagated to caller,high,requirement testing + unit tests,REQ-REQXML003,
trace,ParseDOORS,Returns unexpected error,Silent failure propagated to caller,high,requirement testing + unit tests,REQ-REQXML001,
trace,ParseJama,Returns unexpected error,Silent failure propagated to caller,high,requirement testing + unit tests,REQ-REQXML005,
trace,ParsePolarion,Returns unexpected error,Silent failure propagated to caller,high,requirement testing + unit tests,REQ-REQXML007,
trace,Render,Returns unexpected error,Silent failure propagated to caller,high,requirement testing + unit tests,REQ-TRACE006,
trace,Run,Returns unexpected error; Uncontrolled execution,Silent failure propagated to caller; Resource exhaustion,high,requirement testing + unit tests,REQ-TRACE010,
trace,Run,Returns unexpected error; Uncontrolled execution,Silent failure propagated to caller; Resource exhaustion,high,requirement testing + unit tests,REQ-TRACE001,
trace,Run,Returns unexpected error; Uncontrolled execution,Silent failure propagated to caller; Resource exhaustion,high,requirement testing + unit tests,REQ-TRACE006,
trace,Run,Returns unexpected error; Uncontrolled execution,Silent failure propagated to caller; Resource exhaustion,high,requirement testing + unit tests,REQ-REQQ003,
trace,Run,Returns unexpected error; Uncontrolled execution,Silent failure propagated to caller; Resource exhaustion,high,requirement testing + unit tests,REQ-TRACE005,
trace,Run,Returns unexpected error; Uncontrolled execution,Silent failure propagated to caller; Resource exhaustion,high,requirement testing + unit tests,REQ-TRACE007,
trace,Run,Returns unexpected error; Uncontrolled execution,Silent failure propagated to caller; Resource exhaustion,high,requirement testing + unit tests,REQ-REQQ002,
trace,Run,Returns unexpected error; Uncontrolled execution,Silent failure propagated to caller; Resource exhaustion,high,requirement testing + unit tests,REQ-TRACE008,
trace,Run,Returns unexpected error; Uncontrolled execution,Silent failure propagated to caller; Resource exhaustion,high,requirement testing + unit tests,REQ-TRACE002,
trace,SaveRequirements,Returns unexpected error; Partial write / data corruption,Silent failure propagated to caller; Incorrect system state,high,requirement testing + unit tests,REQ-TRACE001,
trace,ScanFuncCoverage,Returns unexpected error,Silent failure propagated to caller,high,requirement testing + unit tests,REQ-TRACE007,
trace,ScanFuncTagCoverage,Returns unexpected error,Silent failure propagated to caller,high,requirement testing + unit tests,REQ-TRACE009,
trace,ScanTags,Returns unexpected error,Silent failure propagated to caller,high,requirement testing + unit tests,REQ-TRACE011,
unece,Assess,Returns unexpected error,Silent failure propagated to caller,high,requirement testing + unit tests,REQ-UNECE-002,
unece,Description,Incorrect output,Incorrect system behavior,low,unit tests,,
unece,ID,Incorrect output,Incorrect system behavior,low,unit tests,,
unece,Render,Returns unexpected error,Silent failure propagated to caller,high,requirement testing + unit tests,REQ-UNECE-003,
unece,Run,Returns unexpected error; Uncontrolled execution,Silent failure propagated to caller; Resource exhaustion,high,requirement testing + unit tests,REQ-UNECE-001,
verify,Description,Incorrect output,Incorrect system behavior,low,unit tests,,
verify,Description,Incorrect output,Incorrect system behavior,low,unit tests,,
verify,ID,Incorrect output,Incorrect system behavior,low,unit tests,,
verify,ID,Incorrect output,Incorrect system behavior,low,unit tests,,
verify,Load,Returns unexpected error,Silent failure propagated to caller,high,requirement testing + unit tests,REQ-VERIFY007,
verify,New,Incorrect output,Incorrect system behavior,high,requirement testing + unit tests,REQ-VERIFY003,
verify,Parse,Returns unexpected error,Silent failure propagated to caller,high,requirement testing + unit tests,REQ-VERIFY004,
verify,Run,Returns unexpected error; Uncontrolled execution,Silent failure propagated to caller; Resource exhaustion,high,requirement testing + unit tests,REQ-VERIFY002,
verify,Run,Returns unexpected error; Uncontrolled execution,Silent failure propagated to caller; Resource exhaustion,high,requirement testing + unit tests,REQ-VERIFY001,
verify,Run,Returns unexpected error; Uncontrolled execution,Silent failure propagated to caller; Resource exhaustion,high,requirement testing + unit tests,REQ-VERIFY005,
verify,Save,Returns unexpected error; Partial write / data corruption,Silent failure propagated to caller; Incorrect system state,high,requirement testing + unit tests,REQ-VERIFY006,
verify,Summarise,Incorrect output,Incorrect system behavior,high,requirement testing + unit tests,REQ-VERIFY004,
vuln,Description,Incorrect output,Incorrect system behavior,low,unit tests,,
vuln,ID,Incorrect output,Incorrect system behavior,low,unit tests,,
vuln,ParseGoMod,Returns unexpected error,Silent failure propagated to caller,high,requirement testing + unit tests,REQ-VULN001,
vuln,Render,Returns unexpected error,Silent failure propagated to caller,high,requirement testing + unit tests,REQ-VULN005,
vuln,Run,Returns unexpected error; Uncontrolled execution,Silent failure propagated to caller; Resource exhaustion,high,requirement testing + unit tests,REQ-VULN003,
vuln,Scan,Returns unexpected error,Silent failure propagated to caller,high,requirement testing + unit tests,REQ-VULN001; REQ-VULN002,
vuln,ScanWithGovulncheck,Returns unexpected error,Silent failure propagated to caller,high,requirement testing + unit tests,REQ-VULN006,
vuln,ScanWithURL,Returns unexpected error,Silent failure propagated to caller,high,requirement testing + unit tests,REQ-VULN004,
